"id","arm","pfs_months","pfs_event","age","sex","ps","brain_mets","mutation","tissue_egfr","plasma_egfr","ctdna_level","reader_a_mm","reader_b_mm","recist_reader_a","recist_reader_b"
"P001","Gefitinib",32.1,1,51,"Male","PS 0-1","Yes","L858R","Positive","Negative",7.6,24.4,29.9,"PR","CR"
"P002","Gefitinib",17.2,1,68,"Female","PS 2","No","Exon 19 deletion","Positive","Positive",14.7,36.8,40.1,"CR","CR"
"P003","Gefitinib",14.8,0,50,"Female","PS 0-1","No","Exon 19 deletion","Negative","Negative",25.3,42.8,47.5,"SD","CR"
"P004","Gefitinib",2.8,1,57,"Male","PS 0-1","No","Exon 19 deletion","Negative","Negative",6.1,32.8,38.3,"SD","SD"
"P005","Gefitinib",21.6,0,39,"Female","PS 0-1","No","Exon 19 deletion","Negative","Negative",6.3,25.3,32.6,"PD","SD"
"P006","Gefitinib",3.9,1,72,"Female","PS 0-1","No","Exon 19 deletion","Positive","Positive",13.8,65.9,65.1,"SD","SD"
"P007","Gefitinib",2,1,59,"Male","PS 0-1","No","Exon 19 deletion","Negative","Negative",2.8,73.3,76.5,"SD","SD"
"P008","Gefitinib",15.3,1,61,"Male","PS 0-1","No","Exon 19 deletion","Positive","Positive",18.7,53.9,57.8,"SD","SD"
"P009","Gefitinib",0.2,1,66,"Female","PS 0-1","No","Exon 19 deletion","Negative","Negative",2.1,81.5,84.2,"CR","PR"
"P010","Gefitinib",0.1,1,72,"Male","PS 0-1","No","Exon 19 deletion","Negative","Negative",1.6,70.6,80.1,"SD","SD"
"P011","Gefitinib",13.4,1,68,"Male","PS 0-1","No","Exon 19 deletion","Negative","Negative",3.1,45.9,53.8,"PR","PR"
"P012","Gefitinib",5,1,44,"Female","PS 2","No","Exon 19 deletion","Negative","Negative",7.1,70.7,73.9,"PD","PD"
"P013","Gefitinib",4,1,64,"Female","PS 0-1","No","L858R","Positive","Positive",11.6,80.6,87.9,"CR","CR"
"P014","Gefitinib",10,1,55,"Female","PS 0-1","No","L858R","Negative","Negative",7.1,70.4,74.3,"PR","PR"
"P015","Gefitinib",0.5,1,49,"Male","PS 2","No","L858R","Negative","Positive",3.2,20,18.5,"PD","PD"
"P016","Gefitinib",14,1,62,"Male","PS 0-1","Yes","Exon 19 deletion","Negative","Negative",4.7,44.5,44.4,"PR","PR"
"P017","Gefitinib",2.8,1,47,"Female","PS 2","No","Exon 19 deletion","Positive","Negative",5.5,45.7,46.2,"SD","SD"
"P018","Gefitinib",4.4,1,65,"Female","PS 2","No","L858R","Positive","Positive",10.6,21.4,22.1,"PR","PR"
"P019","Gefitinib",34.3,0,58,"Male","PS 0-1","No","Exon 19 deletion","Negative","Positive",5.2,70.4,69.7,"PD","PD"
"P020","Gefitinib",26.2,1,44,"Male","PS 0-1","No","L858R","Negative","Negative",5.5,28.2,32,"SD","SD"
"P021","Gefitinib",15.6,0,54,"Male","PS 0-1","Yes","L858R","Positive","Positive",3.4,84.2,87.3,"PR","PR"
"P022","Gefitinib",5.6,1,62,"Male","PS 0-1","No","L858R","Negative","Positive",8.7,23.7,30.8,"PD","PD"
"P023","Gefitinib",3.5,1,53,"Female","PS 0-1","No","L858R","Negative","Negative",2.2,66,67.6,"PR","PR"
"P024","Gefitinib",13.1,1,58,"Male","PS 0-1","No","Exon 19 deletion","Negative","Negative",6.9,40.3,43,"SD","PR"
"P025","Gefitinib",14.9,0,44,"Female","PS 2","No","Exon 19 deletion","Negative","Negative",6,80.1,77.7,"SD","SD"
"P026","Gefitinib",31.8,0,67,"Male","PS 0-1","No","L858R","Negative","Negative",12.4,73.4,78.5,"SD","SD"
"P027","Gefitinib",0.7,1,55,"Female","PS 0-1","No","Exon 19 deletion","Negative","Negative",4.6,28.2,32.3,"SD","SD"
"P028","Gefitinib",19,0,71,"Male","PS 0-1","No","Exon 19 deletion","Negative","Negative",1.6,70.9,70.9,"PR","PR"
"P029","Gefitinib",17.3,0,57,"Female","PS 0-1","No","L858R","Negative","Negative",11.9,66.4,70.6,"PR","PR"
"P030","Gefitinib",0.7,1,53,"Male","PS 0-1","No","L858R","Negative","Negative",2.8,56.9,57.4,"PD","PD"
"P031","Gefitinib",2.8,1,49,"Male","PS 2","No","L858R","Positive","Positive",10.9,41.3,48,"PR","PR"
"P032","Gefitinib",13.2,1,69,"Female","PS 0-1","No","L858R","Negative","Negative",12.6,65.3,69.2,"SD","SD"
"P033","Gefitinib",1.9,1,64,"Male","PS 0-1","Yes","L858R","Positive","Negative",3.8,60.9,55.7,"PD","PD"
"P034","Gefitinib",10.2,1,62,"Female","PS 2","No","Exon 19 deletion","Positive","Negative",6.8,67.8,71.1,"CR","CR"
"P035","Gefitinib",2.6,1,51,"Male","PS 0-1","No","L858R","Negative","Negative",2.1,45,45.8,"PR","PR"
"P036","Gefitinib",8.4,1,42,"Female","PS 0-1","No","Exon 19 deletion","Negative","Negative",9.4,36.4,39.2,"PD","PD"
"P037","Gefitinib",1,1,57,"Female","PS 0-1","Yes","L858R","Negative","Negative",2.1,74.5,77.8,"SD","SD"
"P038","Gefitinib",6.8,1,38,"Male","PS 2","No","Exon 19 deletion","Negative","Negative",1.4,65.1,69.4,"PR","PR"
"P039","Gefitinib",3.9,1,47,"Male","PS 0-1","Yes","Exon 19 deletion","Negative","Negative",7.1,87.2,90.8,"PR","PR"
"P040","Gefitinib",21.4,0,82,"Male","PS 0-1","No","Exon 19 deletion","Positive","Positive",10.1,44.6,47.3,"PD","PD"
"P041","Gefitinib",2.3,1,61,"Female","PS 0-1","No","L858R","Negative","Negative",16.5,44.9,44.3,"CR","CR"
"P042","Gefitinib",2.3,1,39,"Female","PS 2","No","L858R","Negative","Negative",3.2,77.5,80.3,"PD","PD"
"P043","Gefitinib",6,1,55,"Female","PS 0-1","No","L858R","Negative","Negative",9.7,43.4,46.1,"CR","CR"
"P044","Gefitinib",0.8,1,65,"Female","PS 2","No","Exon 19 deletion","Negative","Negative",1.1,42.9,43.6,"PD","SD"
"P045","Gefitinib",10.2,1,79,"Male","PS 2","No","L858R","Negative","Negative",19.9,57.2,63.7,"PR","PR"
"P046","Gefitinib",3,1,51,"Female","PS 0-1","No","L858R","Positive","Positive",16.8,35.7,36,"SD","SD"
"P047","Gefitinib",0.7,1,45,"Female","PS 2","No","L858R","Negative","Negative",1.7,84.5,88,"PD","PD"
"P048","Gefitinib",36.5,0,49,"Female","PS 0-1","Yes","L858R","Positive","Positive",3,66.6,67.5,"SD","SD"
"P049","Gefitinib",21.8,0,60,"Male","PS 0-1","No","Exon 19 deletion","Positive","Positive",19.3,68.1,77.9,"PR","PR"
"P050","Gefitinib",10.8,1,52,"Female","PS 2","No","L858R","Positive","Positive",16.1,45.3,50.4,"PR","PR"
"P051","Gefitinib",2.3,1,43,"Male","PS 0-1","No","Exon 19 deletion","Positive","Positive",16.1,67.9,75.4,"PD","PD"
"P052","Gefitinib",37.4,0,45,"Male","PS 0-1","No","Exon 19 deletion","Negative","Negative",5.1,47.5,55.8,"PR","PR"
"P053","Gefitinib",19.3,1,53,"Male","PS 0-1","No","Exon 19 deletion","Negative","Negative",6.2,64.4,65.3,"PR","PR"
"P054","Gefitinib",13.9,0,52,"Male","PS 0-1","No","Exon 19 deletion","Negative","Negative",7.5,72.1,73.9,"PR","PR"
"P055","Gefitinib",6.1,1,64,"Male","PS 2","No","Exon 19 deletion","Positive","Positive",34,61.5,66.9,"SD","SD"
"P056","Gefitinib",14.3,1,74,"Female","PS 0-1","No","Exon 19 deletion","Negative","Negative",4.9,20.4,19.5,"PD","PD"
"P057","Gefitinib",3.2,1,34,"Male","PS 0-1","No","Exon 19 deletion","Negative","Negative",8.9,62.8,67.8,"PD","PD"
"P058","Gefitinib",4.1,1,62,"Male","PS 2","No","L858R","Positive","Negative",34.8,37.4,41.5,"SD","PR"
"P059","Gefitinib",2.1,1,46,"Male","PS 0-1","Yes","Exon 19 deletion","Negative","Positive",2.2,26.7,31.1,"SD","SD"
"P060","Gefitinib",14.5,1,46,"Male","PS 0-1","No","Exon 19 deletion","Negative","Negative",7.5,36.4,38,"PR","PR"
"P061","Gefitinib",4.1,1,62,"Male","PS 0-1","Yes","L858R","Negative","Negative",6.7,24.2,28.4,"SD","SD"
"P062","Gefitinib",17.3,1,49,"Male","PS 0-1","Yes","Exon 19 deletion","Positive","Positive",4.9,61.8,67.4,"PD","PD"
"P063","Gefitinib",13.4,1,66,"Male","PS 0-1","No","Exon 19 deletion","Negative","Negative",22.9,73.4,88.5,"PR","PR"
"P064","Gefitinib",4.4,1,54,"Male","PS 0-1","No","L858R","Negative","Negative",6.2,22.8,18.3,"SD","SD"
"P065","Gefitinib",6.9,1,50,"Male","PS 2","No","Exon 19 deletion","Negative","Negative",8.3,54.5,57.1,"PR","PR"
"P066","Gefitinib",3.4,1,36,"Male","PS 0-1","Yes","Exon 19 deletion","Negative","Negative",10.4,57.4,58.2,"CR","CR"
"P067","Gefitinib",2.7,1,59,"Male","PS 0-1","No","L858R","Negative","Negative",7.2,19.4,19.3,"SD","SD"
"P068","Gefitinib",3.7,1,57,"Female","PS 0-1","Yes","Exon 19 deletion","Positive","Negative",27.2,29.3,35.9,"SD","CR"
"P069","Gefitinib",13.5,1,59,"Female","PS 2","No","Exon 19 deletion","Negative","Negative",6.5,16.4,26,"PD","PD"
"P070","Gefitinib",17.8,0,60,"Male","PS 0-1","No","L858R","Negative","Negative",2.1,79.8,80.6,"SD","SD"
"P071","Gefitinib",4.4,1,58,"Female","PS 0-1","No","Exon 19 deletion","Negative","Negative",3.9,25.2,27,"SD","SD"
"P072","Gefitinib",9.6,1,71,"Female","PS 0-1","No","Exon 19 deletion","Positive","Positive",17.3,14.2,19.6,"PR","PR"
"P073","Gefitinib",4.8,1,36,"Female","PS 2","No","Exon 19 deletion","Negative","Negative",3.2,70.8,66.5,"CR","CR"
"P074","Gefitinib",22.9,1,45,"Female","PS 0-1","Yes","L858R","Negative","Positive",6.5,63.7,66.7,"SD","SD"
"P075","Gefitinib",7.9,1,45,"Male","PS 0-1","No","Exon 19 deletion","Negative","Negative",1.8,58,59.2,"PR","PD"
"P076","Gefitinib",7,1,40,"Male","PS 2","No","L858R","Negative","Negative",11.9,68.3,76.6,"PR","PR"
"P077","Gefitinib",3.1,1,57,"Male","PS 0-1","No","L858R","Positive","Positive",33.2,50.5,55.1,"PD","PD"
"P078","Gefitinib",2.2,1,51,"Female","PS 0-1","No","L858R","Negative","Negative",1.9,30.6,35.4,"PR","PR"
"P079","Gefitinib",5.9,1,58,"Male","PS 0-1","No","Exon 19 deletion","Negative","Negative",8.5,31,32,"PR","PR"
"P080","Gefitinib",2.7,1,73,"Male","PS 0-1","No","Exon 19 deletion","Positive","Negative",10.4,38.7,42.9,"SD","SD"
"P081","Gefitinib",1.5,1,62,"Male","PS 0-1","No","Exon 19 deletion","Negative","Negative",2.7,80.8,83.7,"PD","CR"
"P082","Gefitinib",1.9,1,62,"Female","PS 0-1","No","L858R","Negative","Negative",2.5,63.2,71.6,"PD","PD"
"P083","Gefitinib",4.4,1,57,"Male","PS 2","Yes","L858R","Positive","Negative",12.9,50.6,54,"PD","SD"
"P084","Gefitinib",14.1,0,57,"Male","PS 0-1","Yes","Exon 19 deletion","Negative","Negative",6.3,45.7,48.2,"CR","CR"
"P085","Gefitinib",0.1,1,64,"Male","PS 0-1","No","Exon 19 deletion","Positive","Positive",36,54.5,55.9,"PR","PR"
"P086","Gefitinib",5.9,1,37,"Male","PS 0-1","No","Exon 19 deletion","Positive","Positive",10,45.5,47.8,"SD","SD"
"P087","Gefitinib",10.6,1,50,"Female","PS 0-1","Yes","L858R","Positive","Negative",15.1,73.4,74.1,"SD","SD"
"P088","Gefitinib",5.4,1,46,"Female","PS 0-1","Yes","L858R","Negative","Negative",6.8,83.3,84.3,"SD","SD"
"P089","Gefitinib",5.4,1,56,"Female","PS 2","Yes","Exon 19 deletion","Negative","Negative",5.3,19.3,18.1,"SD","SD"
"P090","Gefitinib",14.9,1,42,"Female","PS 0-1","No","Exon 19 deletion","Positive","Negative",18.1,30.9,35.5,"PR","PR"
"P091","Gefitinib",10.8,1,55,"Female","PS 0-1","No","L858R","Negative","Negative",2.5,79.2,82.5,"SD","SD"
"P092","Gefitinib",16.9,1,55,"Male","PS 0-1","No","L858R","Positive","Positive",3.3,63.4,69.6,"SD","SD"
"P093","Gefitinib",3.6,1,72,"Female","PS 0-1","No","L858R","Negative","Negative",2.7,26.4,29.3,"PR","PR"
"P094","Gefitinib",3.7,1,43,"Female","PS 0-1","No","Exon 19 deletion","Negative","Negative",3.2,80.7,84.7,"PR","PR"
"P095","Gefitinib",16,0,62,"Female","PS 0-1","No","Exon 19 deletion","Negative","Negative",8.5,45.3,48.2,"PR","PR"
"P096","Gefitinib",22.2,1,56,"Female","PS 0-1","Yes","L858R","Negative","Negative",2.6,43.7,42.2,"CR","CR"
"P097","Gefitinib",0.9,1,56,"Female","PS 0-1","No","L858R","Negative","Negative",8.1,55.2,54.9,"PD","PD"
"P098","Gefitinib",4.2,1,53,"Male","PS 0-1","Yes","Exon 19 deletion","Negative","Negative",2.6,55.3,57.4,"PD","CR"
"P099","Gefitinib",14.9,1,58,"Male","PS 0-1","No","Exon 19 deletion","Negative","Negative",2.4,29,35.1,"SD","SD"
"P100","Gefitinib",11.8,1,80,"Female","PS 0-1","No","L858R","Negative","Negative",14.6,40.4,41.4,"PR","PR"
"P101","Gefitinib",12.8,1,53,"Female","PS 0-1","Yes","L858R","Negative","Negative",2.4,38.2,42.3,"PR","PR"
"P102","Gefitinib",7.3,1,71,"Female","PS 0-1","No","Exon 19 deletion","Negative","Negative",6.4,27.5,31.5,"SD","SD"
"P103","Gefitinib",3.4,1,70,"Male","PS 0-1","No","L858R","Negative","Negative",10.4,21.5,22.7,"PD","PD"
"P104","Gefitinib",14.8,1,35,"Male","PS 0-1","No","Exon 19 deletion","Negative","Negative",15.8,80.2,87.6,"PR","PR"
"P105","Gefitinib",10.5,1,59,"Female","PS 2","No","Exon 19 deletion","Negative","Negative",11,16.8,20.8,"PD","PD"
"P106","Gefitinib",0.5,1,65,"Female","PS 0-1","No","Exon 19 deletion","Positive","Positive",3.1,57.2,57.5,"SD","SD"
"P107","Gefitinib",15.5,1,66,"Male","PS 0-1","No","Exon 19 deletion","Positive","Positive",10.9,65.1,68.7,"PR","CR"
"P108","Gefitinib",0.1,1,57,"Male","PS 2","Yes","Exon 19 deletion","Negative","Negative",3.3,40.3,42.3,"PR","PR"
"P109","Gefitinib",5,1,73,"Male","PS 0-1","No","Exon 19 deletion","Positive","Positive",15.4,19.4,22.9,"SD","SD"
"P110","Gefitinib",9.5,1,50,"Female","PS 0-1","No","Exon 19 deletion","Negative","Negative",3.3,82.2,86.4,"PD","PD"
"P111","Gefitinib",7.2,1,68,"Male","PS 0-1","No","Exon 19 deletion","Negative","Negative",4.4,28.3,27.7,"PR","CR"
"P112","Gefitinib",15.6,0,61,"Female","PS 0-1","No","Exon 19 deletion","Positive","Positive",5.5,84,84.6,"PR","PR"
"P113","Gefitinib",3.8,1,52,"Male","PS 0-1","No","L858R","Negative","Negative",3.6,72.7,77.9,"SD","SD"
"P114","Gefitinib",2.1,1,41,"Female","PS 0-1","No","Exon 19 deletion","Positive","Negative",6.7,44.4,49.3,"PR","PR"
"P115","Gefitinib",0.7,1,67,"Male","PS 0-1","No","L858R","Positive","Positive",11.7,59.4,62.4,"PR","PR"
"P116","Gefitinib",21.4,0,61,"Male","PS 0-1","No","Exon 19 deletion","Negative","Negative",4.3,43.6,48.1,"PD","PD"
"P117","Gefitinib",3.7,1,55,"Female","PS 0-1","No","Exon 19 deletion","Negative","Negative",5.4,65.8,68.3,"SD","SD"
"P118","Gefitinib",2.3,1,55,"Female","PS 0-1","No","Exon 19 deletion","Negative","Negative",7.8,35.6,37,"CR","PR"
"P119","Gefitinib",31.2,0,64,"Male","PS 0-1","No","Exon 19 deletion","Negative","Negative",24.9,49.1,48.2,"SD","SD"
"P120","Gefitinib",6.4,1,64,"Male","PS 0-1","No","L858R","Negative","Negative",2.6,45.7,49.3,"SD","SD"
"P121","Gefitinib",7.1,1,65,"Male","PS 0-1","No","L858R","Negative","Negative",7.1,59.6,64.6,"PR","PR"
"P122","Gefitinib",7.1,1,72,"Female","PS 0-1","No","L858R","Positive","Positive",3.5,17.1,20.1,"PR","CR"
"P123","Gefitinib",9.1,1,68,"Female","PS 0-1","No","Exon 19 deletion","Negative","Negative",7.1,60.2,56,"PD","PD"
"P124","Gefitinib",23.5,1,53,"Female","PS 2","No","L858R","Negative","Negative",6.6,76.5,84.5,"PD","PD"
"P125","Gefitinib",5.2,1,58,"Male","PS 0-1","No","L858R","Negative","Negative",4,70,70.5,"SD","SD"
"P126","Gefitinib",17.3,1,68,"Male","PS 0-1","Yes","Exon 19 deletion","Positive","Positive",19.8,79,85.5,"PR","CR"
"P127","Gefitinib",1.3,1,60,"Female","PS 0-1","No","L858R","Negative","Negative",1.2,40.2,38,"SD","SD"
"P128","Gefitinib",5.7,1,59,"Female","PS 0-1","No","Exon 19 deletion","Negative","Negative",3.6,32.1,30.7,"PR","CR"
"P129","Gefitinib",1.2,1,56,"Male","PS 2","No","Exon 19 deletion","Positive","Positive",16.8,79,89.5,"PR","PR"
"P130","Gefitinib",26.5,1,37,"Female","PS 0-1","No","L858R","Positive","Positive",31.2,29.3,36.8,"SD","SD"
"P131","Gefitinib",0.5,1,66,"Female","PS 0-1","No","Exon 19 deletion","Positive","Positive",16.9,50.2,46.2,"SD","PD"
"P132","Gefitinib",2.2,1,43,"Female","PS 0-1","Yes","L858R","Negative","Negative",8.6,49.2,51.1,"PR","PR"
"P133","Gefitinib",0.9,1,65,"Female","PS 0-1","Yes","Exon 19 deletion","Negative","Negative",4.2,27.2,27.3,"PR","PR"
"P134","Gefitinib",13.1,1,61,"Male","PS 0-1","No","L858R","Negative","Positive",5.7,24.5,27.5,"PD","PD"
"P135","Gefitinib",5.9,1,49,"Female","PS 2","No","L858R","Positive","Positive",6.9,79.8,78.9,"SD","SD"
"P136","Gefitinib",21.3,0,65,"Female","PS 0-1","No","Exon 19 deletion","Negative","Negative",6.4,57.6,59.1,"SD","SD"
"P137","Gefitinib",11.5,1,58,"Male","PS 0-1","No","Exon 19 deletion","Negative","Negative",6.8,81.7,85.6,"SD","SD"
"P138","Gefitinib",25.3,1,48,"Male","PS 0-1","Yes","Exon 19 deletion","Negative","Negative",3.7,49.2,53.6,"PR","PR"
"P139","Gefitinib",1.3,1,45,"Male","PS 0-1","No","L858R","Negative","Negative",8.5,43.8,47.6,"SD","SD"
"P140","Gefitinib",0.9,1,38,"Male","PS 0-1","No","Exon 19 deletion","Negative","Negative",3.8,77.9,80.5,"SD","SD"
"P141","Gefitinib",18.9,1,42,"Male","PS 0-1","No","Exon 19 deletion","Negative","Negative",3.4,78.9,78.3,"PR","PR"
"P142","Gefitinib",1,1,52,"Female","PS 0-1","No","Exon 19 deletion","Negative","Negative",2.9,36.3,33.7,"CR","CR"
"P143","Gefitinib",21.8,1,47,"Female","PS 0-1","No","Exon 19 deletion","Negative","Negative",6.2,53.6,51.7,"SD","PR"
"P144","Gefitinib",5.8,1,59,"Male","PS 0-1","Yes","Exon 19 deletion","Negative","Negative",8.4,42.1,51.9,"PR","SD"
"P145","Gefitinib",1,1,57,"Female","PS 2","No","Exon 19 deletion","Negative","Negative",1.8,87.7,86.2,"SD","SD"
"P146","Gefitinib",1.4,1,54,"Female","PS 0-1","No","Exon 19 deletion","Negative","Negative",1.1,37.5,41,"SD","CR"
"P147","Gefitinib",16.6,0,59,"Female","PS 0-1","No","L858R","Negative","Negative",2.1,37,38,"PR","CR"
"P148","Gefitinib",1.1,1,70,"Male","PS 2","Yes","Exon 19 deletion","Positive","Positive",7.2,18.6,23.7,"SD","PR"
"P149","Gefitinib",7,0,51,"Male","PS 0-1","No","Exon 19 deletion","Negative","Negative",15.3,79.2,80.3,"PR","SD"
"P150","Gefitinib",16.4,1,58,"Female","PS 2","No","L858R","Positive","Positive",7.2,51.7,56,"CR","CR"
"P151","Combination",7,1,71,"Female","PS 0-1","No","L858R","Negative","Negative",3.2,66.4,69.4,"PD","PD"
"P152","Combination",11.9,1,64,"Male","PS 0-1","Yes","Exon 19 deletion","Positive","Positive",2.8,39.9,47.9,"SD","SD"
"P153","Combination",25.6,0,55,"Male","PS 0-1","No","Exon 19 deletion","Negative","Negative",2,51.2,51.9,"PR","PR"
"P154","Combination",14.3,0,30,"Female","PS 0-1","No","L858R","Negative","Negative",2.5,72.3,70.5,"SD","SD"
"P155","Combination",13.4,1,50,"Male","PS 0-1","No","L858R","Negative","Negative",2.6,27.3,28.9,"PR","PR"
"P156","Combination",5.8,1,46,"Female","PS 0-1","No","Exon 19 deletion","Positive","Positive",23.3,65.3,63.7,"SD","SD"
"P157","Combination",16.6,0,59,"Male","PS 0-1","No","Exon 19 deletion","Negative","Negative",8.4,35.8,43,"SD","SD"
"P158","Combination",10.6,1,49,"Female","PS 0-1","No","L858R","Negative","Negative",1.8,20.5,20.7,"SD","SD"
"P159","Combination",13.3,0,45,"Male","PS 0-1","No","Exon 19 deletion","Positive","Positive",9.3,51.4,51.1,"PD","PD"
"P160","Combination",0.9,1,55,"Male","PS 0-1","No","L858R","Negative","Negative",8.4,17.3,21.1,"PR","PR"
"P161","Combination",18.3,1,47,"Male","PS 0-1","No","L858R","Positive","Positive",9.4,40.6,40.9,"SD","SD"
"P162","Combination",24.6,0,57,"Female","PS 0-1","No","Exon 19 deletion","Negative","Negative",11.3,64.5,68.9,"PD","PD"
"P163","Combination",4.8,1,49,"Female","PS 2","No","Exon 19 deletion","Negative","Negative",25.7,49.6,51.6,"SD","SD"
"P164","Combination",19.8,0,47,"Male","PS 0-1","No","Exon 19 deletion","Positive","Negative",13.4,49.5,51.5,"PR","SD"
"P165","Combination",28.6,0,42,"Female","PS 0-1","No","L858R","Negative","Negative",6.5,81.4,79.7,"SD","SD"
"P166","Combination",5.4,1,51,"Male","PS 0-1","No","Exon 19 deletion","Negative","Negative",1.8,44,50,"SD","SD"
"P167","Combination",1,1,59,"Male","PS 0-1","No","L858R","Negative","Negative",3.8,37.5,39.5,"PR","PR"
"P168","Combination",11.4,1,35,"Female","PS 0-1","No","Exon 19 deletion","Negative","Negative",4.9,47.6,49.1,"PR","CR"
"P169","Combination",11.8,1,60,"Male","PS 0-1","No","Exon 19 deletion","Negative","Negative",4.3,42.6,50,"PR","PR"
"P170","Combination",3.5,1,47,"Male","PS 2","Yes","Exon 19 deletion","Negative","Negative",1,19.7,17.7,"SD","SD"
"P171","Combination",13.2,0,57,"Male","PS 0-1","No","Exon 19 deletion","Negative","Negative",5.7,76.6,85.5,"CR","CR"
"P172","Combination",13.1,0,40,"Female","PS 0-1","No","L858R","Negative","Negative",10.3,53.9,52.7,"PR","PR"
"P173","Combination",13.8,0,56,"Male","PS 0-1","No","Exon 19 deletion","Negative","Negative",2.7,47.9,52,"PR","PR"
"P174","Combination",33.4,0,55,"Female","PS 0-1","No","L858R","Negative","Negative",2.1,84.6,85.1,"PD","PD"
"P175","Combination",9.3,1,64,"Male","PS 0-1","No","L858R","Negative","Negative",7.2,29.7,34,"SD","SD"
"P176","Combination",2.2,0,53,"Male","PS 0-1","Yes","L858R","Positive","Positive",14.3,40.7,46.5,"PR","PR"
"P177","Combination",12.5,0,53,"Male","PS 0-1","No","L858R","Negative","Positive",7.4,41.4,48.2,"SD","SD"
"P178","Combination",18.1,1,45,"Female","PS 0-1","No","L858R","Negative","Negative",3.8,78,81.3,"CR","CR"
"P179","Combination",0.7,1,59,"Male","PS 2","Yes","L858R","Positive","Positive",5.1,76.9,79.1,"PR","PR"
"P180","Combination",12.7,0,53,"Female","PS 0-1","No","Exon 19 deletion","Negative","Negative",12.8,48.8,58.1,"SD","SD"
"P181","Combination",22.8,0,65,"Female","PS 0-1","No","L858R","Negative","Negative",2.3,13.4,17.2,"PR","SD"
"P182","Combination",20.6,1,43,"Female","PS 2","No","L858R","Negative","Negative",5.7,33.2,36.3,"SD","SD"
"P183","Combination",11.2,0,52,"Female","PS 0-1","No","Exon 19 deletion","Positive","Positive",15.5,21.6,25.2,"SD","PR"
"P184","Combination",8.4,1,61,"Male","PS 0-1","Yes","Exon 19 deletion","Negative","Negative",8.4,11.9,19.1,"PD","PD"
"P185","Combination",5,1,55,"Male","PS 0-1","No","L858R","Negative","Negative",4.4,45.3,45.7,"PR","PR"
"P186","Combination",10.3,1,58,"Male","PS 0-1","No","Exon 19 deletion","Negative","Negative",1.8,56.5,65.5,"PR","PR"
"P187","Combination",12.2,0,50,"Female","PS 2","No","Exon 19 deletion","Positive","Positive",3.3,33.7,38.3,"PD","CR"
"P188","Combination",33.6,0,74,"Male","PS 0-1","No","Exon 19 deletion","Positive","Negative",11.9,68.6,76.7,"PD","PR"
"P189","Combination",15.6,1,40,"Female","PS 0-1","Yes","L858R","Negative","Negative",3.5,62.1,67.4,"PR","PR"
"P190","Combination",0.8,1,49,"Male","PS 0-1","No","L858R","Negative","Negative",5.5,72.2,77.7,"CR","CR"
"P191","Combination",0.5,1,73,"Male","PS 0-1","No","Exon 19 deletion","Negative","Negative",24.2,33.2,39.4,"PR","PR"
"P192","Combination",6.7,1,62,"Female","PS 0-1","No","Exon 19 deletion","Positive","Positive",6.1,37.5,40.6,"PD","PD"
"P193","Combination",13,0,53,"Male","PS 0-1","Yes","Exon 19 deletion","Positive","Positive",55.8,52.5,57.6,"PD","PD"
"P194","Combination",21,0,64,"Female","PS 0-1","No","L858R","Positive","Negative",5,39.5,38.1,"PR","PR"
"P195","Combination",5.6,1,59,"Female","PS 2","No","L858R","Positive","Positive",25.2,69.2,72.8,"SD","SD"
"P196","Combination",28.2,0,53,"Female","PS 0-1","No","L858R","Negative","Negative",3.1,17.8,23.4,"PR","PR"
"P197","Combination",11.6,1,58,"Female","PS 0-1","No","L858R","Positive","Negative",4.7,23.6,24,"PR","PR"
"P198","Combination",10.8,1,61,"Male","PS 0-1","No","L858R","Negative","Negative",10.9,15.4,17.8,"SD","SD"
"P199","Combination",16.4,0,70,"Male","PS 0-1","No","L858R","Negative","Negative",0.9,32.5,37.1,"SD","SD"
"P200","Combination",26.6,0,48,"Male","PS 0-1","No","L858R","Negative","Negative",3.3,75.4,81,"PR","PR"
"P201","Combination",28.9,0,59,"Male","PS 0-1","No","L858R","Negative","Negative",7.9,67.8,70.8,"PR","PD"
"P202","Combination",41.3,0,56,"Female","PS 0-1","No","L858R","Negative","Negative",3.5,49.4,50.9,"PR","PR"
"P203","Combination",13.6,1,49,"Male","PS 0-1","Yes","L858R","Positive","Positive",8.6,47.9,51.8,"SD","SD"
"P204","Combination",0.9,1,43,"Female","PS 0-1","No","L858R","Negative","Negative",9.3,76.1,75.5,"PR","PR"
"P205","Combination",8.9,1,56,"Male","PS 0-1","No","L858R","Negative","Negative",9.1,18.2,17.4,"PD","PD"
"P206","Combination",7.4,1,54,"Male","PS 0-1","Yes","Exon 19 deletion","Negative","Negative",4,31.7,40.1,"CR","CR"
"P207","Combination",3.4,1,53,"Male","PS 2","No","Exon 19 deletion","Negative","Negative",12.1,51.1,58.8,"PR","PR"
"P208","Combination",8.5,1,48,"Male","PS 0-1","No","Exon 19 deletion","Negative","Negative",1.7,67.2,66.4,"PR","PR"
"P209","Combination",17.6,0,65,"Female","PS 0-1","No","Exon 19 deletion","Negative","Negative",8.6,70.4,74.3,"PD","PD"
"P210","Combination",0.8,1,60,"Male","PS 0-1","No","L858R","Positive","Positive",22.5,77.1,84.7,"PD","PD"
"P211","Combination",9.8,1,61,"Female","PS 0-1","Yes","L858R","Positive","Positive",2.5,56.6,58,"PR","PR"
"P212","Combination",4.1,1,55,"Male","PS 0-1","No","L858R","Negative","Negative",3,12.9,23.5,"SD","SD"
"P213","Combination",0.9,1,52,"Male","PS 0-1","No","L858R","Negative","Negative",2.3,29.1,29.9,"PR","PR"
"P214","Combination",5.9,1,58,"Male","PS 0-1","No","Exon 19 deletion","Negative","Negative",4.3,41.8,42,"SD","SD"
"P215","Combination",17.3,0,54,"Female","PS 0-1","No","Exon 19 deletion","Positive","Negative",7.8,30.2,32.2,"PR","PR"
"P216","Combination",14.2,1,65,"Female","PS 0-1","No","Exon 19 deletion","Positive","Positive",22.5,48.4,46.4,"PD","PD"
"P217","Combination",22.2,0,63,"Male","PS 0-1","No","Exon 19 deletion","Positive","Positive",60.3,23.2,25.5,"CR","CR"
"P218","Combination",4.8,1,77,"Male","PS 0-1","No","L858R","Negative","Negative",3.1,74.6,79.3,"PR","PR"
"P219","Combination",0.4,1,80,"Male","PS 0-1","No","Exon 19 deletion","Positive","Positive",22.3,71.8,71.2,"PR","PR"
"P220","Combination",12.5,1,60,"Female","PS 2","No","Exon 19 deletion","Negative","Negative",5.4,17,23.1,"SD","SD"
"P221","Combination",9.7,1,50,"Female","PS 0-1","No","L858R","Positive","Positive",19,81.5,80.3,"SD","SD"
"P222","Combination",19.3,0,50,"Female","PS 0-1","No","L858R","Negative","Negative",1.8,42.2,48.8,"PR","PR"
"P223","Combination",0.1,0,44,"Male","PS 0-1","Yes","Exon 19 deletion","Negative","Negative",3.4,43.2,53.8,"PD","PD"
"P224","Combination",5.8,0,62,"Male","PS 0-1","No","Exon 19 deletion","Positive","Positive",11.3,55.1,57.4,"SD","SD"
"P225","Combination",19.2,0,54,"Male","PS 0-1","No","L858R","Negative","Negative",5.8,35.7,35.6,"SD","SD"
"P226","Combination",4.9,1,47,"Female","PS 0-1","No","L858R","Negative","Negative",7.9,19,18.9,"PR","PR"
"P227","Combination",22.3,1,59,"Female","PS 2","No","Exon 19 deletion","Negative","Negative",7.8,75.1,79.7,"PD","PD"
"P228","Combination",32,1,40,"Male","PS 2","No","Exon 19 deletion","Negative","Negative",8.5,61,64.5,"PR","PR"
"P229","Combination",14,1,60,"Male","PS 2","No","Exon 19 deletion","Positive","Negative",23.4,74.9,76.7,"SD","SD"
"P230","Combination",15,1,57,"Female","PS 0-1","Yes","Exon 19 deletion","Negative","Negative",13.6,29,34.5,"PR","PR"
"P231","Combination",36.6,0,59,"Male","PS 0-1","No","L858R","Negative","Negative",12.9,41.9,44.8,"PR","PR"
"P232","Combination",2.8,1,72,"Female","PS 0-1","No","Exon 19 deletion","Positive","Positive",17.4,70.1,74.3,"PR","PR"
"P233","Combination",13.5,1,59,"Female","PS 0-1","Yes","L858R","Positive","Negative",23.8,58.5,64.8,"CR","CR"
"P234","Combination",14.6,0,54,"Female","PS 0-1","No","L858R","Negative","Negative",7.6,33.3,41.9,"PD","PD"
"P235","Combination",5.4,1,63,"Female","PS 0-1","Yes","L858R","Positive","Positive",7,55.8,57.8,"PD","PD"
"P236","Combination",0.1,1,68,"Female","PS 0-1","No","Exon 19 deletion","Negative","Negative",5.4,84.3,88.5,"CR","CR"
"P237","Combination",3.4,1,41,"Female","PS 0-1","No","Exon 19 deletion","Positive","Positive",59.3,82.8,81.7,"SD","SD"
"P238","Combination",0.8,0,51,"Male","PS 0-1","No","Exon 19 deletion","Positive","Negative",16.6,67.8,74.2,"PD","PR"
"P239","Combination",23.4,0,67,"Female","PS 0-1","No","L858R","Negative","Negative",18.2,37.5,39.6,"PR","PR"
"P240","Combination",0.2,1,29,"Male","PS 2","No","Exon 19 deletion","Positive","Positive",2.5,78.7,82.8,"SD","SD"
"P241","Combination",22,1,44,"Male","PS 0-1","No","Exon 19 deletion","Positive","Positive",17.9,28.5,27.4,"PR","PR"
"P242","Combination",11.9,1,72,"Female","PS 0-1","No","L858R","Negative","Negative",5.7,57,62.3,"SD","SD"
"P243","Combination",4.1,0,57,"Male","PS 2","No","L858R","Negative","Negative",4.3,16,19.3,"PD","PD"
"P244","Combination",26.5,1,47,"Male","PS 0-1","Yes","Exon 19 deletion","Negative","Negative",4.6,37.2,33.5,"CR","CR"
"P245","Combination",4.7,1,57,"Female","PS 2","Yes","Exon 19 deletion","Negative","Negative",8,37.3,42.1,"SD","SD"
"P246","Combination",17.9,0,55,"Male","PS 0-1","No","Exon 19 deletion","Negative","Negative",4.6,80.5,82.1,"PR","PR"
"P247","Combination",18.2,0,53,"Female","PS 0-1","No","Exon 19 deletion","Negative","Negative",3.1,69.2,72.4,"PD","PD"
"P248","Combination",27.9,0,53,"Male","PS 0-1","No","L858R","Negative","Negative",19.3,79.2,85.1,"SD","SD"
"P249","Combination",5.6,1,53,"Male","PS 2","Yes","Exon 19 deletion","Positive","Positive",17.7,21.8,21.9,"PR","PR"
"P250","Combination",7.8,1,56,"Male","PS 2","No","Exon 19 deletion","Positive","Positive",7.8,77.3,83.9,"PR","PR"
"P251","Combination",1.3,1,62,"Female","PS 0-1","No","Exon 19 deletion","Negative","Negative",24.6,66.7,65.8,"PD","CR"
"P252","Combination",17.8,0,52,"Female","PS 0-1","No","Exon 19 deletion","Negative","Negative",10.5,79,81.2,"PR","PR"
"P253","Combination",19.9,0,55,"Female","PS 0-1","No","Exon 19 deletion","Negative","Negative",6.7,52.9,57.2,"SD","SD"
"P254","Combination",20.1,0,71,"Male","PS 0-1","No","L858R","Positive","Negative",5.4,20.6,21.4,"PR","PR"
"P255","Combination",17.7,0,66,"Female","PS 0-1","No","Exon 19 deletion","Positive","Positive",9.7,21.8,25,"PD","PD"
"P256","Combination",32.1,0,70,"Male","PS 0-1","No","Exon 19 deletion","Positive","Positive",9.4,82.9,85.4,"PD","PD"
"P257","Combination",0.2,1,44,"Male","PS 2","No","Exon 19 deletion","Negative","Negative",14.9,60.7,60,"PR","PR"
"P258","Combination",19.1,0,66,"Male","PS 0-1","No","Exon 19 deletion","Positive","Positive",19,75.6,78,"PD","PD"
"P259","Combination",19.8,1,55,"Male","PS 0-1","No","Exon 19 deletion","Negative","Negative",3.1,62.1,66.6,"PR","PR"
"P260","Combination",19.5,0,55,"Female","PS 0-1","No","Exon 19 deletion","Negative","Negative",6.4,44.5,46.2,"SD","SD"
"P261","Combination",3.8,1,46,"Female","PS 0-1","No","L858R","Negative","Negative",2.9,38.7,47.4,"SD","SD"
"P262","Combination",3,1,59,"Male","PS 0-1","No","L858R","Positive","Positive",25.7,25.8,28.9,"PR","PR"
"P263","Combination",24.6,0,43,"Male","PS 0-1","No","Exon 19 deletion","Negative","Negative",6.1,36.7,43.3,"CR","CR"
"P264","Combination",24,0,50,"Male","PS 2","No","Exon 19 deletion","Negative","Negative",0.5,19.5,23.9,"SD","PD"
"P265","Combination",1.6,1,55,"Female","PS 0-1","No","Exon 19 deletion","Negative","Negative",3,22.8,25.5,"SD","CR"
"P266","Combination",1.9,1,48,"Female","PS 0-1","Yes","L858R","Positive","Positive",10.4,38.7,41.4,"PD","PD"
"P267","Combination",25.5,0,53,"Female","PS 0-1","No","L858R","Negative","Negative",1.7,30.7,29.4,"SD","PD"
"P268","Combination",5.5,1,52,"Male","PS 0-1","No","Exon 19 deletion","Positive","Positive",13.9,71.1,77.3,"SD","SD"
"P269","Combination",8.5,1,58,"Male","PS 0-1","No","L858R","Negative","Negative",6.9,84.9,80.9,"SD","SD"
"P270","Combination",3,1,52,"Female","PS 0-1","No","L858R","Negative","Negative",4.5,22.5,22.9,"PR","PR"
"P271","Combination",10,1,68,"Female","PS 0-1","No","Exon 19 deletion","Negative","Negative",5.5,12.3,18.4,"CR","CR"
"P272","Combination",10.6,1,51,"Male","PS 2","No","Exon 19 deletion","Negative","Negative",4.2,49.8,52.2,"PR","PR"
"P273","Combination",1.8,1,73,"Male","PS 2","Yes","Exon 19 deletion","Negative","Negative",2.7,42.9,45.7,"PR","PR"
"P274","Combination",38.1,0,52,"Female","PS 0-1","No","Exon 19 deletion","Negative","Negative",5.3,51.8,58.6,"PD","PD"
"P275","Combination",7.7,0,38,"Female","PS 0-1","No","L858R","Negative","Negative",5.7,33.7,33.8,"SD","SD"
"P276","Combination",12.4,1,52,"Female","PS 0-1","Yes","L858R","Negative","Negative",5.6,56.7,64.6,"PD","PD"
"P277","Combination",16.1,0,46,"Male","PS 0-1","No","Exon 19 deletion","Negative","Negative",10.3,78.5,82.4,"PR","PR"
"P278","Combination",3.6,1,48,"Male","PS 0-1","No","Exon 19 deletion","Positive","Positive",31.2,77.9,84.8,"PD","PD"
"P279","Combination",16.3,1,61,"Female","PS 0-1","No","Exon 19 deletion","Negative","Negative",6.6,32.3,33.5,"CR","CR"
"P280","Combination",0.3,0,67,"Male","PS 2","Yes","Exon 19 deletion","Negative","Negative",2.6,67.4,78.7,"SD","SD"
"P281","Combination",18.6,0,50,"Female","PS 0-1","No","L858R","Positive","Positive",4.3,63.9,69.2,"PD","PD"
"P282","Combination",23.7,0,46,"Male","PS 0-1","Yes","L858R","Negative","Negative",5.7,46.3,51.5,"SD","SD"
"P283","Combination",26.2,0,57,"Female","PS 0-1","No","Exon 19 deletion","Negative","Negative",20.3,33.4,32.7,"PD","PD"
"P284","Combination",29.2,0,54,"Female","PS 0-1","No","Exon 19 deletion","Positive","Negative",15.8,27.1,30.7,"SD","SD"
"P285","Combination",1.3,1,62,"Male","PS 0-1","No","L858R","Negative","Negative",4.6,85.4,88.6,"PD","PD"
"P286","Combination",3.4,1,58,"Male","PS 0-1","No","L858R","Negative","Negative",1,58.5,57,"SD","SD"
"P287","Combination",23.6,1,38,"Male","PS 0-1","No","Exon 19 deletion","Positive","Positive",5,17.4,20.4,"SD","SD"
"P288","Combination",15.9,1,55,"Male","PS 0-1","No","L858R","Positive","Negative",10.8,41.4,44,"CR","CR"
"P289","Combination",31,0,64,"Female","PS 0-1","No","Exon 19 deletion","Negative","Negative",7.3,22.7,23.3,"SD","SD"
"P290","Combination",11.4,1,62,"Female","PS 0-1","No","L858R","Negative","Negative",4.2,23.8,19.3,"PD","PD"
"P291","Combination",8.8,1,57,"Male","PS 0-1","Yes","Exon 19 deletion","Negative","Negative",1.6,73.4,72.9,"PR","PR"
"P292","Combination",0.3,1,62,"Female","PS 2","No","L858R","Negative","Negative",9.7,62.4,61.3,"PD","PD"
"P293","Combination",21.7,1,52,"Male","PS 0-1","No","Exon 19 deletion","Negative","Negative",4.8,71.6,74.1,"PR","PR"
"P294","Combination",3.2,1,69,"Male","PS 0-1","No","L858R","Negative","Negative",4,81.9,83.4,"PR","PR"
"P295","Combination",3.6,1,62,"Male","PS 0-1","No","Exon 19 deletion","Negative","Negative",3.5,29.5,29.9,"PR","PD"
"P296","Combination",10.4,1,53,"Female","PS 0-1","Yes","L858R","Negative","Negative",8.3,31.8,32.8,"PD","PD"
"P297","Combination",30.1,0,63,"Male","PS 0-1","No","L858R","Negative","Negative",5.1,83.8,88.7,"CR","CR"
"P298","Combination",0.7,1,36,"Female","PS 0-1","Yes","Exon 19 deletion","Positive","Negative",23.6,83.4,81.6,"SD","SD"
"P299","Combination",2.6,1,66,"Female","PS 0-1","Yes","Exon 19 deletion","Negative","Negative",2.6,34.9,42.1,"PR","SD"
"P300","Combination",2.8,1,75,"Female","PS 2","No","L858R","Positive","Negative",18.8,69.8,75.3,"PR","PR"
